accuracy,balanced_accuracy,precision,recall,f1_score,mcc,auroc,loss,fold,model,dataset
0.9649122807017544,0.9672453324598755,0.9333333333333333,0.9767441860465116,0.9545454545454546,0.9266325832219493,0.9980347199475925,0.060419756919145584,1,StandardMLP,breast_cancer
0.9736842105263158,0.9651162790697674,1.0,0.9302325581395349,0.963855421686747,0.9447329926514414,0.99737962659679,0.07513540796935558,2,StandardMLP,breast_cancer
0.9649122807017544,0.9523809523809523,1.0,0.9047619047619048,0.95,0.9258200997725514,0.9801587301587301,0.15039824787527323,3,StandardMLP,breast_cancer
0.9824561403508771,0.9861111111111112,0.9545454545454546,1.0,0.9767441860465116,0.9633432944855655,0.9996693121693122,0.054900198709219694,4,StandardMLP,breast_cancer
0.9823008849557522,0.9761904761904762,1.0,0.9523809523809523,0.975609756097561,0.9624387375561093,0.9993293091884642,0.05580427485983819,5,StandardMLP,breast_cancer
0.9824561403508771,0.9859154929577465,0.9555555555555556,1.0,0.9772727272727273,0.9636589114684625,0.9993449066491975,0.06611969213554403,1,TabKAN,breast_cancer
0.9649122807017544,0.9580740255486406,0.975609756097561,0.9302325581395349,0.9523809523809523,0.9252853920667758,0.9957418932197838,0.15352832330972888,2,TabKAN,breast_cancer
0.868421052631579,0.8859126984126984,0.7547169811320755,0.9523809523809523,0.8421052631578947,0.7464609720122968,0.9831349206349206,0.3469972759485245,3,TabKAN,breast_cancer
0.956140350877193,0.9652777777777778,0.8936170212765957,1.0,0.9438202247191011,0.9118992727752026,1.0,0.1544144470244646,4,TabKAN,breast_cancer
0.9734513274336283,0.9691482226693494,0.975609756097561,0.9523809523809523,0.963855421686747,0.9430521597641348,0.9949698189134809,0.1078710854617384,5,TabKAN,breast_cancer
0.9736842105263158,0.9742875859810023,0.9545454545454546,0.9767441860465116,0.9655172413793104,0.9444083040750081,0.9990173599737964,0.08335976717353333,1,FastKAN,breast_cancer
0.956140350877193,0.9510317720275139,0.9523809523809523,0.9302325581395349,0.9411764705882353,0.9063785942932301,0.9921388797903701,0.2377298956271261,2,FastKAN,breast_cancer
0.9736842105263158,0.9642857142857143,1.0,0.9285714285714286,0.9629629629629629,0.9441549509633318,0.9897486772486772,0.16954418757813983,3,FastKAN,breast_cancer
0.956140350877193,0.9652777777777778,0.8936170212765957,1.0,0.9438202247191011,0.9118992727752026,1.0,0.1313454434275627,4,FastKAN,breast_cancer
0.9823008849557522,0.9761904761904762,1.0,0.9523809523809523,0.975609756097561,0.9624387375561093,0.9956405097250168,0.08080644573783502,5,FastKAN,breast_cancer
0.9912280701754386,0.9929577464788732,0.9772727272727273,1.0,0.9885057471264368,0.9815845978127674,1.0,0.03515378912561573,1,ChebyKAN,breast_cancer
0.9649122807017544,0.9580740255486406,0.975609756097561,0.9302325581395349,0.9523809523809523,0.9252853920667758,0.9931215198165738,0.20846516932942905,2,ChebyKAN,breast_cancer
0.9649122807017544,0.9623015873015872,0.9523809523809523,0.9523809523809523,0.9523809523809523,0.9246031746031746,0.978505291005291,0.1483880488667637,3,ChebyKAN,breast_cancer
0.9473684210526315,0.9583333333333333,0.875,1.0,0.9333333333333333,0.8955910525085281,0.9887566137566137,0.22313931211829185,4,ChebyKAN,breast_cancer
0.9734513274336283,0.9642857142857143,1.0,0.9285714285714286,0.9629629629629629,0.943889104146584,0.9896042924211939,0.18367979663889855,5,ChebyKAN,breast_cancer
0.9736842105263158,0.9742875859810023,0.9545454545454546,0.9767441860465116,0.9655172413793104,0.9444083040750081,0.9934490664919751,0.1187056401904556,1,JacobiKAN,breast_cancer
0.956140350877193,0.9464461185718964,0.975,0.9069767441860465,0.9397590361445783,0.9068106119605033,0.9970520799213889,0.19973968600970693,2,JacobiKAN,breast_cancer
0.956140350877193,0.9454365079365079,0.9743589743589743,0.9047619047619048,0.9382716049382716,0.9058238738943076,0.9897486772486772,0.26058555516647175,3,JacobiKAN,breast_cancer
0.956140350877193,0.9652777777777778,0.8936170212765957,1.0,0.9438202247191011,0.9118992727752026,0.9993386243386244,0.27112848684191704,4,JacobiKAN,breast_cancer
0.9823008849557522,0.9761904761904762,1.0,0.9523809523809523,0.975609756097561,0.9624387375561093,0.9986586183769282,0.07585113343520788,5,JacobiKAN,breast_cancer
0.9824561403508771,0.981329839502129,0.9767441860465116,0.9767441860465116,0.9767441860465116,0.9626596790042581,0.9993449066491975,0.07279338469379582,1,LegendreKAN,breast_cancer
0.9736842105263158,0.9697019325253848,0.9761904761904762,0.9534883720930233,0.9647058823529412,0.9438975339262832,0.9967245332459875,0.11465119564672932,2,LegendreKAN,breast_cancer
0.9649122807017544,0.9573412698412699,0.975,0.9285714285714286,0.9512195121951219,0.9245181185940877,0.9702380952380952,0.13958115375135094,3,LegendreKAN,breast_cancer
0.956140350877193,0.9652777777777778,0.8936170212765957,1.0,0.9438202247191011,0.9118992727752026,0.9976851851851852,0.1724934447556734,4,LegendreKAN,breast_cancer
0.9823008849557522,0.9761904761904762,1.0,0.9523809523809523,0.975609756097561,0.9624387375561093,0.993963782696177,0.12462781192152761,5,LegendreKAN,breast_cancer
0.9736842105263158,0.9742875859810023,0.9545454545454546,0.9767441860465116,0.9655172413793104,0.9444083040750081,0.9941041598427776,0.13679753779433668,1,GramKAN,breast_cancer
0.9649122807017544,0.9580740255486406,0.975609756097561,0.9302325581395349,0.9523809523809523,0.9252853920667758,0.9672453324598755,0.15369343641214073,2,GramKAN,breast_cancer
0.9473684210526315,0.9285714285714286,1.0,0.8571428571428571,0.9230769230769231,0.8894991799933214,0.9791666666666667,0.16995714948279783,3,GramKAN,breast_cancer
0.9649122807017544,0.9722222222222222,0.9130434782608695,1.0,0.9545454545454546,0.9286112429750731,0.9986772486772487,0.1878944467753172,4,GramKAN,breast_cancer
0.9823008849557522,0.9761904761904762,1.0,0.9523809523809523,0.975609756097561,0.9624387375561093,0.9973172367538565,0.07495681924046949,5,GramKAN,breast_cancer
0.9736842105263158,0.9742875859810023,0.9545454545454546,0.9767441860465116,0.9655172413793104,0.9444083040750081,0.9990173599737964,0.07241330953547731,1,TaylorKAN,breast_cancer
0.9473684210526315,0.9394038650507697,0.9512195121951219,0.9069767441860465,0.9285714285714286,0.8875726517394207,0.9924664264657714,0.20244487676245626,2,TaylorKAN,breast_cancer
0.9824561403508771,0.9761904761904762,1.0,0.9523809523809523,0.975609756097561,0.962621902223779,0.9890873015873016,0.12623643504048232,3,TaylorKAN,breast_cancer
0.9824561403508771,0.9861111111111112,0.9545454545454546,1.0,0.9767441860465116,0.9633432944855655,0.9983465608465608,0.14282359083881602,4,TaylorKAN,breast_cancer
0.9823008849557522,0.9761904761904762,1.0,0.9523809523809523,0.975609756097561,0.9624387375561093,0.9976525821596244,0.10379631358955521,5,TaylorKAN,breast_cancer
0.9824561403508771,0.9859154929577465,0.9555555555555556,1.0,0.9772727272727273,0.9636589114684625,0.9993449066491975,0.07235434388712747,1,WavKAN,breast_cancer
0.9649122807017544,0.9580740255486406,0.975609756097561,0.9302325581395349,0.9523809523809523,0.9252853920667758,0.9931215198165738,0.23738688536104746,2,WavKAN,breast_cancer
0.9736842105263158,0.9642857142857143,1.0,0.9285714285714286,0.9629629629629629,0.9441549509633318,0.9811507936507936,0.17502665919892024,3,WavKAN,breast_cancer
0.9473684210526315,0.9583333333333333,0.875,1.0,0.9333333333333333,0.8955910525085281,0.9993386243386243,0.1906930934637785,4,WavKAN,breast_cancer
0.9734513274336283,0.9691482226693494,0.975609756097561,0.9523809523809523,0.963855421686747,0.9430521597641348,0.9976525821596245,0.12615205040492583,5,WavKAN,breast_cancer
0.956140350877193,0.9602030789387488,0.9130434782608695,0.9767441860465116,0.9438202247191011,0.9093049296723977,0.9941041598427777,0.12279646284878254,1,ReLUKAN,breast_cancer
0.9824561403508771,0.9767441860465116,1.0,0.9534883720930233,0.9761904761904762,0.962998132394131,0.9803471994759254,0.13028413493157132,2,ReLUKAN,breast_cancer
0.956140350877193,0.9454365079365079,0.9743589743589743,0.9047619047619048,0.9382716049382716,0.9058238738943076,0.9880952380952381,0.24467713716148864,3,ReLUKAN,breast_cancer
0.9912280701754386,0.9930555555555556,0.9767441860465116,1.0,0.9882352941176471,0.9814164735593364,1.0,0.1092240777797997,4,ReLUKAN,breast_cancer
0.9911504424778761,0.9880952380952381,1.0,0.9761904761904762,0.9879518072289156,0.9811382548511067,0.9986586183769282,0.054693902071448974,5,ReLUKAN,breast_cancer
0.9694835680751174,0.9059295482691457,0.9274956308767784,0.9059295482691457,0.9156390266950153,0.9169333045744551,0.9924263164524634,0.08771417866124206,1,StandardMLP,cardiotocography
0.9647058823529412,0.914454449914535,0.9218659283194593,0.914454449914535,0.918098547167861,0.9035225507405262,0.9961163145088133,0.08801372143248695,2,StandardMLP,cardiotocography
0.9741176470588235,0.9076289474261721,0.9637748756218905,0.9076289474261721,0.9288464794262475,0.9292126974363666,0.997080895378872,0.07514224109140091,3,StandardMLP,cardiotocography
0.9670588235294117,0.9154614992599529,0.9307936596072189,0.9154614992599529,0.9228699443837164,0.9096203997054103,0.9884682293915713,0.1703607793876602,4,StandardMLP,cardiotocography
0.9835294117647059,0.9743799819072491,0.9531028881532801,0.9743799819072491,0.9627204006514352,0.9558088817398607,0.9971257672282574,0.06459465185512922,5,StandardMLP,cardiotocography
0.9765258215962441,0.9218455743879472,0.9574894345476915,0.9218455743879472,0.9379620433176185,0.9358502974519433,0.9961337179192312,0.11393283414516223,1,TabKAN,cardiotocography
0.9694117647058823,0.9466614973092519,0.9348362039851401,0.9466614973092519,0.940662991615767,0.9175199608475357,0.9968412316360746,0.11285170263311427,2,TabKAN,cardiotocography
0.9858823529411764,0.9637647552236114,0.9805945091842782,0.9637647552236114,0.9714496897113228,0.9614873771975372,0.9986150054366313,0.05821991359607637,3,TabKAN,cardiotocography
0.9741176470588235,0.9564237800194583,0.9655728946148109,0.9564237800194583,0.9605516137762246,0.9289520198391132,0.9871099989805617,0.24794207537524926,4,TabKAN,cardiotocography
0.9811764705882353,0.957107988364069,0.9565140313452755,0.957107988364069,0.9566573117878782,0.9490027121751123,0.9960392233476246,0.12068147034382751,5,TabKAN,cardiotocography
0.9835680751173709,0.9614851038247014,0.967074217074217,0.9614851038247014,0.964003482662036,0.955367051323147,0.9991253984585295,0.05625969562035087,1,FastKAN,cardiotocography
0.9811764705882353,0.9516967440363416,0.987015556155022,0.9516967440363416,0.9686602028141859,0.9481731848183914,0.9976258820775007,0.09568353432197389,2,FastKAN,cardiotocography
0.9670588235294117,0.8991965550621908,0.9593001572862447,0.8991965550621908,0.9242214495739703,0.9089173605391728,0.9982274999187913,0.10342250557576856,3,FastKAN,cardiotocography
0.9694117647058823,0.9288594007934475,0.9628237259816207,0.9288594007934475,0.9450946168706692,0.915399700410192,0.9832832194733351,0.2294488244720664,4,FastKAN,cardiotocography
0.9764705882352941,0.9550938896732332,0.94661360479151,0.9550938896732332,0.9504467688707617,0.9369533138338643,0.99812520073728,0.09609221613209229,5,FastKAN,cardiotocography
0.9906103286384976,0.973791588198368,0.9828907855223644,0.973791588198368,0.9782424718029206,0.9745036404753553,0.9991396126926522,0.04019041721481439,1,ChebyKAN,cardiotocography
0.9835294117647059,0.957346461550466,0.9842436974789917,0.957346461550466,0.9703130890695003,0.9547443504890674,0.9971156578640175,0.09906054919961857,2,ChebyKAN,cardiotocography
0.9764705882352941,0.9256695171283732,0.961090515909793,0.9256695171283732,0.9389437605756391,0.9361617863954883,0.9990771818586056,0.08569468978281033,3,ChebyKAN,cardiotocography
0.9835294117647059,0.9697373137385427,0.9831052181351584,0.9697373137385427,0.9762013729977116,0.9548160247617514,0.9843761426654489,0.18820530319135287,4,ChebyKAN,cardiotocography
0.9835294117647059,0.9751485580662701,0.9665919245270485,0.9751485580662701,0.9707792207792209,0.9556202389962412,0.996695988518864,0.08913074758727037,5,ChebyKAN,cardiotocography
0.9906103286384976,0.973791588198368,0.9828907855223644,0.973791588198368,0.9782424718029206,0.9745036404753553,0.9989413919607951,0.04263653767546722,1,JacobiKAN,cardiotocography
0.9905882352941177,0.9820437981122092,0.9877377377377378,0.9820437981122092,0.9846014800168218,0.9743138530370441,0.9983416258293024,0.07348620595517527,2,JacobiKAN,cardiotocography
0.9788235294117648,0.9437100868305742,0.9620823620823621,0.9437100868305742,0.9503321658414139,0.9429309080049649,0.995926671859206,0.0893626842336224,3,JacobiKAN,cardiotocography
0.9764705882352941,0.9574308293648762,0.9748530076888287,0.9574308293648762,0.9657552289131237,0.9352489491503386,0.9887423311287927,0.23345022883742267,4,JacobiKAN,cardiotocography
0.9811764705882353,0.9780156007305375,0.9613858160439528,0.9780156007305375,0.9695422238370367,0.9495751421018228,0.9980867189141165,0.06827778880168418,5,JacobiKAN,cardiotocography
0.9906103286384976,0.973791588198368,0.9828907855223644,0.973791588198368,0.9782424718029206,0.9745036404753553,0.9975599611968757,0.04151240523736176,1,LegendreKAN,cardiotocography
0.9905882352941177,0.9820437981122092,0.9877377377377378,0.9820437981122092,0.9846014800168218,0.9743138530370441,0.9974140647323968,0.09050823189526065,2,LegendreKAN,cardiotocography
0.9741176470588235,0.9587295084965216,0.9499547511312217,0.9587295084965216,0.9521381951391498,0.9322584402299127,0.9984728829436648,0.09251768128888216,3,LegendreKAN,cardiotocography
0.9529411764705882,0.9380749995732841,0.8959381348756104,0.9380749995732841,0.9095614157425049,0.8766409760316964,0.984127322552561,0.24246549618380545,4,LegendreKAN,cardiotocography
0.9647058823529412,0.970966255312612,0.9221167859035506,0.970966255312612,0.9447142359893186,0.9103064258162653,0.995816312740326,0.11980842207516876,5,LegendreKAN,cardiotocography
0.9882629107981221,0.9681418706842435,0.9817943478123118,0.9681418706842435,0.9747442277190562,0.9680902439413235,0.9946158044917203,0.06235454770856969,1,GramKAN,cardiotocography
0.9882352941176471,0.9810367487667913,0.9854936989336657,0.9810367487667913,0.983241159711748,0.9678678334088183,0.9969758524010514,0.05329048266451407,2,GramKAN,cardiotocography
0.9670588235294117,0.8937853107344633,0.9576509680263113,0.8937853107344633,0.9219458264234383,0.9085003758471245,0.9979495210874004,0.0945873411921119,3,GramKAN,cardiotocography
0.9741176470588235,0.9517811118507519,0.9735449735449735,0.9517811118507519,0.9620543710445663,0.9286428195158538,0.9918108872385559,0.17021792530535354,4,GramKAN,cardiotocography
0.9882352941176471,0.990322085104204,0.9692353643966548,0.990322085104204,0.979504717184179,0.9688197491039638,0.9967499879040783,0.07125354339950718,5,GramKAN,cardiotocography
0.9671361502347418,0.8775894538606402,0.949585137085137,0.8775894538606402,0.9015012493753124,0.9107887574398589,0.9951007136841303,0.0960933360584022,1,TaylorKAN,cardiotocography
0.9788235294117648,0.9460470265222174,0.980954950094416,0.9460470265222174,0.9628122495978116,0.941597030186259,0.9965484772322944,0.08079631213955249,2,TaylorKAN,cardiotocography
0.9741176470588235,0.9246624677829552,0.9460815047021943,0.9246624677829552,0.9318119011598588,0.9302868711472259,0.9923470833509924,0.1325120602060841,3,TaylorKAN,cardiotocography
0.9552941176470588,0.8585571153034924,0.9211158644488787,0.8585571153034924,0.8835570966183065,0.8760660203698506,0.9848689028281131,0.25356781091301983,4,TaylorKAN,cardiotocography
0.9764705882352941,0.9620734975335825,0.9265873015873015,0.9620734975335825,0.9415836707233561,0.9378088943070877,0.9964271138869609,0.08639777666810135,5,TaylorKAN,cardiotocography
0.9812206572769953,0.9604780544792835,0.969192877087614,0.9604780544792835,0.9647401868008432,0.9489133460791462,0.998201545115211,0.06785886964631313,1,WavKAN,cardiotocography
0.9835294117647059,0.9705058898975638,0.9716174640080789,0.9705058898975638,0.9709018836236504,0.9550494666244727,0.9981017058202887,0.14010230045252164,2,WavKAN,cardiotocography
0.9835294117647059,0.9588836138685082,0.9758148307997251,0.9588836138685082,0.9658478700130922,0.9553345175356507,0.9983389263029111,0.05807934630138334,3,WavKAN,cardiotocography
0.9764705882352941,0.9574308293648762,0.9748530076888287,0.9574308293648762,0.9657552289131237,0.9352489491503386,0.984353103682249,0.21723989190702145,4,WavKAN,cardiotocography
0.9882352941176471,0.9818053249258124,0.9730695766273025,0.9818053249258124,0.9773448773448773,0.9683265634467363,0.9966597830546958,0.07200822611256237,5,WavKAN,cardiotocography
0.9788732394366197,0.9465761270513179,0.9450471057160975,0.9465761270513179,0.9453777208252911,0.9428052090773305,0.991130826443997,0.10153210310818395,1,ReLUKAN,cardiotocography
0.9835294117647059,0.9751485580662701,0.9627884723629405,0.9751485580662701,0.9688795876865471,0.9556248109340362,0.9970440803195787,0.15179612787324004,2,ReLUKAN,cardiotocography
0.9741176470588235,0.9200197996142488,0.9595376626626626,0.9200197996142488,0.9355606708677527,0.929397701287664,0.9987870012066034,0.06686460881610401,3,ReLUKAN,cardiotocography
0.9741176470588235,0.9479070198410667,0.9573116393475676,0.9479070198410667,0.9521644486803864,0.9289520198391132,0.9905280810582546,0.22476189862572937,4,ReLUKAN,cardiotocography
0.9811764705882353,0.9741415087208524,0.9535803930595289,0.9741415087208524,0.9635922327234611,0.9499163107367199,0.9971338257585981,0.08662988501496979,5,ReLUKAN,cardiotocography
0.9186046511627907,0.6177300959909655,0.3333333333333333,0.2727272727272727,0.3,0.25870910733836316,0.8356860530773574,0.21860893837098652,1,StandardMLP,cervical_cancer
0.9476744186046512,0.8026538678712591,0.5833333333333334,0.6363636363636364,0.6086956521739131,0.5813462701261382,0.9655561829474872,0.1273588618884484,2,StandardMLP,cervical_cancer
0.9534883720930233,0.8057594579333709,0.6363636363636364,0.6363636363636364,0.6363636363636364,0.611518915866742,0.8949745906267645,0.21283958852291107,3,StandardMLP,cervical_cancer
0.9707602339181286,0.899715909090909,0.75,0.8181818181818182,0.782608695652174,0.7678008319191324,0.9875,0.06384407909354195,4,StandardMLP,cervical_cancer
0.9415204678362573,0.7571022727272727,0.5454545454545454,0.5454545454545454,0.5454545454545454,0.5142045454545454,0.8909090909090909,0.15128957208556434,5,StandardMLP,cervical_cancer
0.9186046511627907,0.5330321852060982,0.2,0.09090909090909091,0.125,0.09621290848090852,0.8622247317899492,0.4587916604299001,1,TabKAN,cervical_cancer
0.936046511627907,0.754093732354602,0.5,0.5454545454545454,0.5217391304347826,0.48807056260589954,0.9627329192546584,0.15466771476591626,2,TabKAN,cervical_cancer
0.9534883720930233,0.7634105025409372,0.6666666666666666,0.5454545454545454,0.6,0.5788383624620932,0.9254658385093169,0.2178237522020936,3,TabKAN,cervical_cancer
0.9766081871345029,0.9451704545454545,0.7692307692307693,0.9090909090909091,0.8333333333333334,0.8241617276558911,0.9818181818181817,0.11000240165897897,4,TabKAN,cervical_cancer
0.9590643274853801,0.8088068181818182,0.7,0.6363636363636364,0.6666666666666666,0.645743840298938,0.94375,0.17654955356071392,5,TabKAN,cervical_cancer
0.9186046511627907,0.575381140598532,0.2857142857142857,0.18181818181818182,0.2222222222222222,0.1866856725318574,0.8481084133258047,0.4148683047120964,1,FastKAN,cervical_cancer
0.9476744186046512,0.6756070016939582,0.6666666666666666,0.36363636363636365,0.47058823529411764,0.46832941383896765,0.9632975719932242,0.19801915409819534,2,FastKAN,cervical_cancer
0.9476744186046512,0.7603049124788255,0.6,0.5454545454545454,0.5714285714285714,0.5443323346087288,0.9401468097120271,0.23525284230709076,3,FastKAN,cervical_cancer
0.9707602339181286,0.899715909090909,0.75,0.8181818181818182,0.782608695652174,0.7678008319191324,0.9886363636363635,0.1103363292204449,4,FastKAN,cervical_cancer
0.9590643274853801,0.7664772727272727,0.75,0.5454545454545454,0.631578947368421,0.6191668677752271,0.9568181818181819,0.18847977556288242,5,FastKAN,cervical_cancer
0.9011627906976745,0.6084133258046301,0.25,0.2727272727272727,0.2608695652173913,0.2082434400451838,0.7188029361942405,0.35068416750679415,1,ChebyKAN,cervical_cancer
0.9302325581395349,0.7509881422924901,0.46153846153846156,0.5454545454545454,0.5,0.4646460420168239,0.9604743083003953,0.1890825123215715,2,ChebyKAN,cervical_cancer
0.936046511627907,0.6693958215697347,0.5,0.36363636363636365,0.42105263157894735,0.39361809238809775,0.924901185770751,0.29365989069143933,3,ChebyKAN,cervical_cancer
0.9239766081871345,0.5784090909090909,0.3333333333333333,0.18181818181818182,0.23529411764705882,0.20909090909090908,0.9721590909090909,0.15042959582448626,4,ChebyKAN,cervical_cancer
0.935672514619883,0.6693181818181818,0.5,0.36363636363636365,0.42105263157894735,0.39341519530280955,0.8914772727272727,0.18929287938711545,5,ChebyKAN,cervical_cancer
0.9186046511627907,0.575381140598532,0.2857142857142857,0.18181818181818182,0.2222222222222222,0.1866856725318574,0.7707509881422925,0.39463068544864655,1,JacobiKAN,cervical_cancer
0.9476744186046512,0.7603049124788255,0.6,0.5454545454545454,0.5714285714285714,0.5443323346087288,0.9418407679277244,0.20801679293314615,2,JacobiKAN,cervical_cancer
0.9709302325581395,0.8997741389045737,0.75,0.8181818181818182,0.782608695652174,0.7678976851666153,0.9644268774703557,0.23052699491381645,3,JacobiKAN,cervical_cancer
0.935672514619883,0.7116477272727273,0.5,0.45454545454545453,0.47619047619047616,0.44257512513588665,0.975,0.1531888042773062,4,JacobiKAN,cervical_cancer
0.9532163742690059,0.8056818181818182,0.6363636363636364,0.6363636363636364,0.6363636363636364,0.6113636363636363,0.9545454545454545,0.2264390519800751,5,JacobiKAN,cervical_cancer
0.9244186046511628,0.5784867306606437,0.3333333333333333,0.18181818181818182,0.23529411764705882,0.20931764798590516,0.8147939017504235,0.33673887327313423,1,LegendreKAN,cervical_cancer
0.9418604651162791,0.7571993224167137,0.5454545454545454,0.5454545454545454,0.5454545454545454,0.5143986448334275,0.9627329192546583,0.1792044445561866,2,LegendreKAN,cervical_cancer
0.9534883720930233,0.7634105025409372,0.6666666666666666,0.5454545454545454,0.6,0.5788383624620932,0.9361942405420667,0.21146772367258868,3,LegendreKAN,cervical_cancer
0.9532163742690059,0.7633522727272727,0.6666666666666666,0.5454545454545454,0.6,0.5786882152809495,0.9761363636363636,0.1394888123080212,4,LegendreKAN,cervical_cancer
0.9415204678362573,0.7571022727272727,0.5454545454545454,0.5454545454545454,0.5454545454545454,0.5142045454545454,0.8573863636363636,0.20362616082032522,5,LegendreKAN,cervical_cancer
0.9244186046511628,0.6208356860530774,0.375,0.2727272727272727,0.3157894736842105,0.28078090590350974,0.8018068887634106,0.2841778009897098,1,GramKAN,cervical_cancer
0.9302325581395349,0.6662902315076229,0.4444444444444444,0.36363636363636365,0.4,0.3654188590462732,0.9604743083003953,0.15021125071992478,2,GramKAN,cervical_cancer
0.9418604651162791,0.7148503670242801,0.5555555555555556,0.45454545454545453,0.5,0.47212861075418316,0.9395821569734613,0.21885687236984572,3,GramKAN,cervical_cancer
0.9649122807017544,0.8965909090909091,0.6923076923076923,0.8181818181818182,0.75,0.7342244874330721,0.9369318181818181,0.0992094186367467,4,GramKAN,cervical_cancer
0.9473684210526315,0.8448863636363637,0.5714285714285714,0.7272727272727273,0.64,0.6172321067240548,0.928409090909091,0.13129847294961414,5,GramKAN,cervical_cancer
0.9244186046511628,0.6208356860530774,0.375,0.2727272727272727,0.3157894736842105,0.28078090590350974,0.8921513269339356,0.35709547344595194,1,TaylorKAN,cervical_cancer
0.9476744186046512,0.7179559570863918,0.625,0.45454545454545453,0.5263157894736842,0.5064552788726858,0.9683794466403162,0.20136959090208015,2,TaylorKAN,cervical_cancer
0.9418604651162791,0.6725014116318464,0.5714285714285714,0.36363636363636365,0.4444444444444444,0.4272095352695313,0.9712027103331451,0.24043925354878107,3,TaylorKAN,cervical_cancer
0.9590643274853801,0.8511363636363636,0.6666666666666666,0.7272727272727273,0.6956521739130435,0.6744860186581717,0.975,0.1240225083650633,4,TaylorKAN,cervical_cancer
0.9649122807017544,0.7696022727272727,0.8571428571428571,0.5454545454545454,0.6666666666666666,0.6676347517199427,0.9232954545454546,0.14709080992421755,5,TaylorKAN,cervical_cancer
0.9302325581395349,0.6662902315076229,0.4444444444444444,0.36363636363636365,0.4,0.3654188590462732,0.8509316770186336,0.41738934049135423,1,WavKAN,cervical_cancer
0.9418604651162791,0.7148503670242801,0.5555555555555556,0.45454545454545453,0.5,0.47212861075418316,0.9582156973461322,0.1969168771368762,2,WavKAN,cervical_cancer
0.9476744186046512,0.7603049124788255,0.6,0.5454545454545454,0.5714285714285714,0.5443323346087288,0.9384528514963297,0.3017795942723751,3,WavKAN,cervical_cancer
0.9590643274853801,0.8088068181818182,0.7,0.6363636363636364,0.6666666666666666,0.645743840298938,0.9715909090909091,0.16511244580821463,4,WavKAN,cervical_cancer
0.9590643274853801,0.7664772727272727,0.75,0.5454545454545454,0.631578947368421,0.6191668677752271,0.9625,0.16641183197498322,5,WavKAN,cervical_cancer
0.9244186046511628,0.663184641445511,0.4,0.36363636363636365,0.38095238095238093,0.3412408778783571,0.8306041784302653,0.3475937268231064,1,ReLUKAN,cervical_cancer
0.936046511627907,0.6693958215697347,0.5,0.36363636363636365,0.42105263157894735,0.39361809238809775,0.9090909090909092,0.27816420296827954,2,ReLUKAN,cervical_cancer
0.9302325581395349,0.6239412761151891,0.42857142857142855,0.2727272727272727,0.3333333333333333,0.30694760390069437,0.9277244494635799,0.24023939544955888,3,ReLUKAN,cervical_cancer
0.9649122807017544,0.8965909090909091,0.6923076923076923,0.8181818181818182,0.75,0.7342244874330721,0.9801136363636364,0.09622605122422101,4,ReLUKAN,cervical_cancer
0.9415204678362573,0.6301136363636364,0.6,0.2727272727272727,0.375,0.378939692104056,0.8397727272727273,0.1744988003435234,5,ReLUKAN,cervical_cancer
0.9875,0.99,1.0,0.98,0.98989898989899,0.9738516810963534,0.9966666666666667,0.05827623481551806,1,StandardMLP,chronic_kidney_disease
1.0,1.0,1.0,1.0,1.0,1.0,1.0,0.01650158812602361,2,StandardMLP,chronic_kidney_disease
0.975,0.98,1.0,0.96,0.9795918367346939,0.9486832980505139,0.9866666666666667,0.12245343873898189,3,StandardMLP,chronic_kidney_disease
1.0,1.0,1.0,1.0,1.0,1.0,1.0,0.00848727331807216,4,StandardMLP,chronic_kidney_disease
0.9875,0.99,1.0,0.98,0.98989898989899,0.9738516810963534,1.0,0.038950552543004356,5,StandardMLP,chronic_kidney_disease
0.9875,0.99,1.0,0.98,0.98989898989899,0.9738516810963534,1.0,0.07819496589460566,1,TabKAN,chronic_kidney_disease
1.0,1.0,1.0,1.0,1.0,1.0,1.0,0.0002946347716109206,2,TabKAN,chronic_kidney_disease
0.9875,0.99,1.0,0.98,0.98989898989899,0.9738516810963534,1.0,0.06540778873022646,3,TabKAN,chronic_kidney_disease
1.0,1.0,1.0,1.0,1.0,1.0,1.0,0.0015314748452510685,4,TabKAN,chronic_kidney_disease
0.9875,0.99,1.0,0.98,0.98989898989899,0.9738516810963534,1.0,0.0076032833361144485,5,TabKAN,chronic_kidney_disease
0.9875,0.99,1.0,0.98,0.98989898989899,0.9738516810963534,1.0,0.038434611536407225,1,FastKAN,chronic_kidney_disease
1.0,1.0,1.0,1.0,1.0,1.0,1.0,0.0008452511004482707,2,FastKAN,chronic_kidney_disease
0.975,0.98,1.0,0.96,0.9795918367346939,0.9486832980505139,1.0,0.09568432778663312,3,FastKAN,chronic_kidney_disease
1.0,1.0,1.0,1.0,1.0,1.0,1.0,0.004880490247160196,4,FastKAN,chronic_kidney_disease
1.0,1.0,1.0,1.0,1.0,1.0,1.0,0.0015904420676330726,5,FastKAN,chronic_kidney_disease
0.975,0.98,1.0,0.96,0.9795918367346939,0.9486832980505139,0.9993333333333333,0.0894764910141627,1,ChebyKAN,chronic_kidney_disease
0.9875,0.99,1.0,0.98,0.98989898989899,0.9738516810963534,1.0,0.03131510162105163,2,ChebyKAN,chronic_kidney_disease
0.9875,0.99,1.0,0.98,0.98989898989899,0.9738516810963534,0.9993333333333333,0.06045686360448599,3,ChebyKAN,chronic_kidney_disease
0.9875,0.9833333333333334,0.9803921568627451,1.0,0.9900990099009901,0.973505222533836,1.0,0.03590263973455876,4,ChebyKAN,chronic_kidney_disease
0.9875,0.99,1.0,0.98,0.98989898989899,0.9738516810963534,1.0,0.017448211864878733,5,ChebyKAN,chronic_kidney_disease
0.9875,0.99,1.0,0.98,0.98989898989899,0.9738516810963534,1.0,0.06964004676168163,1,JacobiKAN,chronic_kidney_disease
0.9875,0.99,1.0,0.98,0.98989898989899,0.9738516810963534,1.0,0.024235480232164264,2,JacobiKAN,chronic_kidney_disease
0.9875,0.99,1.0,0.98,0.98989898989899,0.9738516810963534,0.9993333333333333,0.07198394796190162,3,JacobiKAN,chronic_kidney_disease
1.0,1.0,1.0,1.0,1.0,1.0,1.0,0.0032581590057816356,4,JacobiKAN,chronic_kidney_disease
0.9875,0.99,1.0,0.98,0.98989898989899,0.9738516810963534,1.0,0.011001201084582135,5,JacobiKAN,chronic_kidney_disease
0.975,0.98,1.0,0.96,0.9795918367346939,0.9486832980505139,1.0,0.06350670258204143,1,LegendreKAN,chronic_kidney_disease
1.0,1.0,1.0,1.0,1.0,1.0,1.0,0.004399889226381977,2,LegendreKAN,chronic_kidney_disease
0.9875,0.99,1.0,0.98,0.98989898989899,0.9738516810963534,0.9993333333333333,0.06389482878148556,3,LegendreKAN,chronic_kidney_disease
1.0,1.0,1.0,1.0,1.0,1.0,1.0,0.007840725205217799,4,LegendreKAN,chronic_kidney_disease
0.9875,0.99,1.0,0.98,0.98989898989899,0.9738516810963534,1.0,0.022839175537228584,5,LegendreKAN,chronic_kidney_disease
0.975,0.98,1.0,0.96,0.9795918367346939,0.9486832980505139,1.0,0.0650617703795433,1,GramKAN,chronic_kidney_disease
1.0,1.0,1.0,1.0,1.0,1.0,1.0,0.00452793847459058,2,GramKAN,chronic_kidney_disease
0.9875,0.99,1.0,0.98,0.98989898989899,0.9738516810963534,0.998,0.057851641749342285,3,GramKAN,chronic_kidney_disease
1.0,1.0,1.0,1.0,1.0,1.0,1.0,0.004638576414436102,4,GramKAN,chronic_kidney_disease
0.9875,0.99,1.0,0.98,0.98989898989899,0.9738516810963534,1.0,0.03255353953378896,5,GramKAN,chronic_kidney_disease
0.9875,0.99,1.0,0.98,0.98989898989899,0.9738516810963534,1.0,0.03806402064704647,1,TaylorKAN,chronic_kidney_disease
1.0,1.0,1.0,1.0,1.0,1.0,1.0,0.0019510946003720164,2,TaylorKAN,chronic_kidney_disease
0.9875,0.99,1.0,0.98,0.98989898989899,0.9738516810963534,0.9993333333333333,0.063025300973095,3,TaylorKAN,chronic_kidney_disease
1.0,1.0,1.0,1.0,1.0,1.0,1.0,0.002584309123146037,4,TaylorKAN,chronic_kidney_disease
1.0,1.0,1.0,1.0,1.0,1.0,1.0,0.005308757885359228,5,TaylorKAN,chronic_kidney_disease
0.975,0.98,1.0,0.96,0.9795918367346939,0.9486832980505139,1.0,0.07732830444971721,1,WavKAN,chronic_kidney_disease
1.0,1.0,1.0,1.0,1.0,1.0,1.0,0.00037341144343372434,2,WavKAN,chronic_kidney_disease
0.9875,0.99,1.0,0.98,0.98989898989899,0.9738516810963534,0.9993333333333333,0.08553006659106661,3,WavKAN,chronic_kidney_disease
0.9875,0.9833333333333334,0.9803921568627451,1.0,0.9900990099009901,0.973505222533836,1.0,0.06434662459165945,4,WavKAN,chronic_kidney_disease
1.0,1.0,1.0,1.0,1.0,1.0,1.0,0.001939944641587014,5,WavKAN,chronic_kidney_disease
0.9875,0.99,1.0,0.98,0.98989898989899,0.9738516810963534,1.0,0.08030965671302208,1,ReLUKAN,chronic_kidney_disease
1.0,1.0,1.0,1.0,1.0,1.0,1.0,0.0001527252073477333,2,ReLUKAN,chronic_kidney_disease
0.9875,0.99,1.0,0.98,0.98989898989899,0.9738516810963534,0.982,0.10649985582373726,3,ReLUKAN,chronic_kidney_disease
0.975,0.9666666666666667,0.9615384615384616,1.0,0.9803921568627451,0.9473309334313418,1.0,0.10527142609498696,4,ReLUKAN,chronic_kidney_disease
1.0,1.0,1.0,1.0,1.0,1.0,1.0,5.846260319231078e-05,5,ReLUKAN,chronic_kidney_disease
0.8360655737704918,0.8349567099567099,0.8214285714285714,0.8214285714285714,0.8214285714285714,0.6699134199134199,0.9058441558441559,0.4133303761482239,1,StandardMLP,heart_disease
0.7704918032786885,0.7716450216450217,0.7333333333333333,0.7857142857142857,0.7586206896551724,0.541534658916836,0.8441558441558441,0.7053582221269608,2,StandardMLP,heart_disease
0.8524590163934426,0.8528138528138528,0.8275862068965517,0.8571428571428571,0.8421052631578947,0.7041053139822809,0.8917748917748918,0.4444785565137863,3,StandardMLP,heart_disease
0.8666666666666667,0.8686868686868687,0.8275862068965517,0.8888888888888888,0.8571428571428571,0.7340855437891157,0.8799102132435466,0.5467033982276917,4,StandardMLP,heart_disease
0.7666666666666667,0.7611607142857143,0.7916666666666666,0.6785714285714286,0.7307692307692307,0.5319061074502314,0.8426339285714285,0.6960084736347198,5,StandardMLP,heart_disease
0.819672131147541,0.8170995670995671,0.8148148148148148,0.7857142857142857,0.8,0.6362683048979794,0.9145021645021645,0.6900907158851624,1,TabKAN,heart_disease
0.8032786885245902,0.8046536796536796,0.7666666666666667,0.8214285714285714,0.7931034482758621,0.607338671255336,0.8787878787878788,0.9457673132419586,2,TabKAN,heart_disease
0.8360655737704918,0.8322510822510822,0.8461538461538461,0.7857142857142857,0.8148148148148148,0.6695942095771606,0.9004329004329005,0.7162235081195831,3,TabKAN,heart_disease
0.8166666666666667,0.8131313131313131,0.8076923076923077,0.7777777777777778,0.7924528301886793,0.6287372835939984,0.9113355780022446,0.645739883184433,4,TabKAN,heart_disease
0.8166666666666667,0.8125,0.84,0.75,0.7924528301886793,0.6324555320336759,0.8861607142857143,0.7409629672765732,5,TabKAN,heart_disease
0.8688524590163934,0.8625541125541125,0.9166666666666666,0.7857142857142857,0.8461538461538461,0.7396603423852208,0.9393939393939393,0.4748610407114029,1,FastKAN,heart_disease
0.7704918032786885,0.7716450216450217,0.7333333333333333,0.7857142857142857,0.7586206896551724,0.541534658916836,0.8603896103896105,1.048744559288025,2,FastKAN,heart_disease
0.819672131147541,0.8170995670995671,0.8148148148148148,0.7857142857142857,0.8,0.6362683048979794,0.8961038961038962,0.6408222317695618,3,FastKAN,heart_disease
0.7833333333333333,0.7861952861952861,0.7333333333333333,0.8148148148148148,0.7719298245614035,0.5695214286468868,0.8967452300785633,0.8066127896308899,4,FastKAN,heart_disease
0.8333333333333334,0.828125,0.875,0.75,0.8076923076923077,0.6682922888477266,0.9140625,0.649814248085022,5,FastKAN,heart_disease
0.819672131147541,0.8170995670995671,0.8148148148148148,0.7857142857142857,0.8,0.6362683048979794,0.8917748917748918,0.5758726447820663,1,ChebyKAN,heart_disease
0.7540983606557377,0.7537878787878788,0.7241379310344828,0.75,0.7368421052631579,0.5064806629719167,0.8333333333333334,1.0240953862667084,2,ChebyKAN,heart_disease
0.8524590163934426,0.8446969696969697,0.9130434782608695,0.75,0.8235294117647058,0.7088392059568465,0.9264069264069263,0.5625386983156204,3,ChebyKAN,heart_disease
0.8833333333333333,0.8804713804713804,0.8846153846153846,0.8518518518518519,0.8679245283018868,0.7639496026464712,0.8843995510662177,0.576011136174202,4,ChebyKAN,heart_disease
0.85,0.84375,0.9130434782608695,0.75,0.8235294117647058,0.7054429982194027,0.9375,0.7481621503829956,5,ChebyKAN,heart_disease
0.8524590163934426,0.8528138528138528,0.8275862068965517,0.8571428571428571,0.8421052631578947,0.7041053139822809,0.9285714285714286,0.6574850082397461,1,JacobiKAN,heart_disease
0.7868852459016393,0.7895021645021645,0.7419354838709677,0.8214285714285714,0.7796610169491526,0.5771335508376638,0.8506493506493507,1.2372219562530518,2,JacobiKAN,heart_disease
0.7704918032786885,0.7743506493506493,0.71875,0.8214285714285714,0.7666666666666667,0.5475174757500252,0.8809523809523809,1.0761941075325012,3,JacobiKAN,heart_disease
0.8166666666666667,0.8131313131313131,0.8076923076923077,0.7777777777777778,0.7924528301886793,0.6287372835939984,0.8894500561167228,0.8010566532611847,4,JacobiKAN,heart_disease
0.8333333333333334,0.828125,0.875,0.75,0.8076923076923077,0.6682922888477266,0.9017857142857142,0.8183540105819702,5,JacobiKAN,heart_disease
0.8852459016393442,0.8831168831168831,0.8888888888888888,0.8571428571428571,0.8727272727272727,0.7687337199108693,0.906926406926407,0.48278775811195374,1,LegendreKAN,heart_disease
0.7540983606557377,0.7537878787878788,0.7241379310344828,0.75,0.7368421052631579,0.5064806629719167,0.8668831168831169,0.9166787266731262,2,LegendreKAN,heart_disease
0.819672131147541,0.8198051948051948,0.7931034482758621,0.8214285714285714,0.8070175438596491,0.6382304303121595,0.8820346320346321,0.7173910439014435,3,LegendreKAN,heart_disease
0.8666666666666667,0.8619528619528619,0.88,0.8148148148148148,0.8461538461538461,0.7304943077272633,0.9057239057239057,0.5728497505187988,4,LegendreKAN,heart_disease
0.85,0.84375,0.9130434782608695,0.75,0.8235294117647058,0.7054429982194027,0.9051339285714286,0.6491474211215973,5,LegendreKAN,heart_disease
0.8360655737704918,0.8376623376623377,0.8,0.8571428571428571,0.8275862068965517,0.673142683593836,0.9199134199134199,0.6862179338932037,1,GramKAN,heart_disease
0.7540983606557377,0.7591991341991342,0.696969696969697,0.8214285714285714,0.7540983606557377,0.5183982683982684,0.814935064935065,1.1203354895114899,2,GramKAN,heart_disease
0.8688524590163934,0.8652597402597402,0.8846153846153846,0.8214285714285714,0.8518518518518519,0.7361174128087679,0.9188311688311688,0.4813355505466461,3,GramKAN,heart_disease
0.8166666666666667,0.8131313131313131,0.8076923076923077,0.7777777777777778,0.7924528301886793,0.6287372835939984,0.8754208754208754,0.7806565165519714,4,GramKAN,heart_disease
0.7833333333333333,0.7745535714285714,0.8571428571428571,0.6428571428571429,0.7346938775510204,0.5743401100475389,0.8448660714285714,0.9780242145061493,5,GramKAN,heart_disease
0.8524590163934426,0.8528138528138528,0.8275862068965517,0.8571428571428571,0.8421052631578947,0.7041053139822809,0.9264069264069265,0.6317121684551239,1,TaylorKAN,heart_disease
0.8360655737704918,0.8349567099567099,0.8214285714285714,0.8214285714285714,0.8214285714285714,0.6699134199134199,0.8722943722943722,0.9137177765369415,2,TaylorKAN,heart_disease
0.819672131147541,0.8198051948051948,0.7931034482758621,0.8214285714285714,0.8070175438596491,0.6382304303121595,0.9264069264069263,0.6832079589366913,3,TaylorKAN,heart_disease
0.85,0.8468013468013468,0.8461538461538461,0.8148148148148148,0.8301886792452831,0.6963434431202348,0.9046015712682379,0.6988085508346558,4,TaylorKAN,heart_disease
0.8166666666666667,0.8080357142857143,0.9047619047619048,0.6785714285714286,0.7755102040816326,0.6443815868826047,0.9084821428571428,0.8263786137104034,5,TaylorKAN,heart_disease
0.8688524590163934,0.8679653679653679,0.8571428571428571,0.8571428571428571,0.8571428571428571,0.7359307359307359,0.9134199134199135,0.6082634627819061,1,WavKAN,heart_disease
0.8032786885245902,0.8046536796536796,0.7666666666666667,0.8214285714285714,0.7931034482758621,0.607338671255336,0.8593073593073592,1.0886964797973633,2,WavKAN,heart_disease
0.8524590163934426,0.8474025974025974,0.88,0.7857142857142857,0.8301886792452831,0.7040083136069528,0.9242424242424242,0.5129645019769669,3,WavKAN,heart_disease
0.8,0.8013468013468013,0.7586206896551724,0.8148148148148148,0.7857142857142857,0.6000059924121083,0.8855218855218855,0.8023121654987335,4,WavKAN,heart_disease
0.8333333333333334,0.8303571428571428,0.8461538461538461,0.7857142857142857,0.8148148148148148,0.6651836553993731,0.9162946428571429,0.8104890584945679,5,WavKAN,heart_disease
0.8360655737704918,0.8376623376623377,0.8,0.8571428571428571,0.8275862068965517,0.673142683593836,0.9188311688311688,0.6992465555667877,1,ReLUKAN,heart_disease
0.7704918032786885,0.7716450216450217,0.7333333333333333,0.7857142857142857,0.7586206896551724,0.541534658916836,0.8170995670995671,1.501723289489746,2,ReLUKAN,heart_disease
0.8360655737704918,0.8349567099567099,0.8214285714285714,0.8214285714285714,0.8214285714285714,0.6699134199134199,0.8917748917748917,0.7411865592002869,3,ReLUKAN,heart_disease
0.7333333333333333,0.734006734006734,0.6896551724137931,0.7407407407407407,0.7142857142857143,0.4659264410351009,0.8574635241301908,0.8168227970600128,4,ReLUKAN,heart_disease
0.8333333333333334,0.8258928571428572,0.9090909090909091,0.7142857142857143,0.8,0.6747699033149638,0.8861607142857142,0.9420162439346313,5,ReLUKAN,heart_disease
0.9743589743589743,0.9444444444444444,0.967741935483871,1.0,0.9836065573770492,0.9274777915203366,0.9851851851851852,0.2192525528371334,1,StandardMLP,parkinsons
0.8717948717948718,0.8388888888888889,0.9310344827586207,0.9,0.9152542372881356,0.6539886462510549,0.9740740740740741,0.2527448907494545,2,StandardMLP,parkinsons
0.9487179487179487,0.9327586206896552,0.9655172413793104,0.9655172413793104,0.9655172413793104,0.8655172413793103,0.996551724137931,0.14399699494242668,3,StandardMLP,parkinsons
0.9487179487179487,0.9,0.9354838709677419,1.0,0.9666666666666667,0.8650936924831861,0.9793103448275863,0.3169485814869404,4,StandardMLP,parkinsons
0.8974358974358975,0.8982758620689655,0.9629629629629629,0.896551724137931,0.9285714285714286,0.7535992817105361,0.9689655172413794,0.27512918412685394,5,StandardMLP,parkinsons
0.9487179487179487,0.9277777777777778,0.9666666666666667,0.9666666666666667,0.9666666666666667,0.8555555555555555,0.9851851851851852,0.4649964068084955,1,TabKAN,parkinsons
0.9230769230769231,0.9111111111111111,0.9655172413793104,0.9333333333333333,0.9491525423728814,0.7933632757799682,0.9814814814814815,0.3740991801023483,2,TabKAN,parkinsons
0.9743589743589743,0.95,0.9666666666666667,1.0,0.9830508474576272,0.9327379053088816,0.996551724137931,0.13925345987081528,3,TabKAN,parkinsons
0.8974358974358975,0.8,0.8787878787878788,1.0,0.9354838709677419,0.7261354744623948,0.996551724137931,0.6895010881125927,4,TabKAN,parkinsons
0.8717948717948718,0.8482758620689655,0.9285714285714286,0.896551724137931,0.9122807017543859,0.6758915427189726,0.9344827586206896,0.7557918876409531,5,TabKAN,parkinsons
0.9743589743589743,0.9444444444444444,0.967741935483871,1.0,0.9836065573770492,0.9274777915203366,0.9814814814814814,0.42636423907242715,1,FastKAN,parkinsons
0.9487179487179487,0.9277777777777778,0.9666666666666667,0.9666666666666667,0.9666666666666667,0.8555555555555555,0.9703703703703703,0.5014888644218445,2,FastKAN,parkinsons
0.9743589743589743,0.95,0.9666666666666667,1.0,0.9830508474576272,0.9327379053088816,0.993103448275862,0.14289860054850578,3,FastKAN,parkinsons
0.8717948717948718,0.75,0.8529411764705882,1.0,0.9206349206349206,0.6530471562110152,0.996551724137931,0.697030745446682,4,FastKAN,parkinsons
0.8717948717948718,0.8155172413793104,0.9,0.9310344827586207,0.9152542372881356,0.6539886462510549,0.9448275862068964,0.6793611347675323,5,FastKAN,parkinsons
0.9743589743589743,0.9444444444444444,0.967741935483871,1.0,0.9836065573770492,0.9274777915203366,0.9888888888888888,0.41688955295830965,1,ChebyKAN,parkinsons
0.9230769230769231,0.8722222222222222,0.9354838709677419,0.9666666666666667,0.9508196721311475,0.776762650398282,0.9703703703703704,0.36971844732761383,2,ChebyKAN,parkinsons
0.9743589743589743,0.9827586206896552,1.0,0.9655172413793104,0.9824561403508771,0.9368793661451105,0.9931034482758622,0.08859936706721783,3,ChebyKAN,parkinsons
0.9230769230769231,0.85,0.90625,1.0,0.9508196721311475,0.7964766161036996,0.9896551724137932,0.6525379298254848,4,ChebyKAN,parkinsons
0.9230769230769231,0.85,0.90625,1.0,0.9508196721311475,0.7964766161036996,0.9620689655172414,0.6403981857001781,5,ChebyKAN,parkinsons
0.9743589743589743,0.9444444444444444,0.967741935483871,1.0,0.9836065573770492,0.9274777915203366,0.9703703703703703,0.5059161325916648,1,JacobiKAN,parkinsons
0.9230769230769231,0.9111111111111111,0.9655172413793104,0.9333333333333333,0.9491525423728814,0.7933632757799682,0.9666666666666668,0.5895495936274529,2,JacobiKAN,parkinsons
0.9230769230769231,0.9155172413793103,0.9642857142857143,0.9310344827586207,0.9473684210526315,0.8063854544320416,0.9379310344827587,0.6156797111034393,3,JacobiKAN,parkinsons
0.9743589743589743,0.95,0.9666666666666667,1.0,0.9830508474576272,0.9327379053088816,0.9896551724137932,0.49149463325738907,4,JacobiKAN,parkinsons
0.8717948717948718,0.8810344827586207,0.9615384615384616,0.8620689655172413,0.9090909090909091,0.7058865787567897,0.9448275862068966,0.7027857005596161,5,JacobiKAN,parkinsons
0.9743589743589743,0.9444444444444444,0.967741935483871,1.0,0.9836065573770492,0.9274777915203366,0.9111111111111111,0.3888292293995619,1,LegendreKAN,parkinsons
0.9230769230769231,0.8722222222222222,0.9354838709677419,0.9666666666666667,0.9508196721311475,0.776762650398282,0.9629629629629629,0.4425363093614578,2,LegendreKAN,parkinsons
0.9230769230769231,0.9155172413793103,0.9642857142857143,0.9310344827586207,0.9473684210526315,0.8063854544320416,0.9827586206896552,0.17024467885494232,3,LegendreKAN,parkinsons
0.9487179487179487,0.9,0.9354838709677419,1.0,0.9666666666666667,0.8650936924831861,0.996551724137931,0.2549528703093529,4,LegendreKAN,parkinsons
0.9487179487179487,0.9327586206896552,0.9655172413793104,0.9655172413793104,0.9655172413793104,0.8655172413793103,0.9517241379310344,0.4943162687122822,5,LegendreKAN,parkinsons
0.9743589743589743,0.9444444444444444,0.967741935483871,1.0,0.9836065573770492,0.9274777915203366,0.9481481481481481,0.3666908354498446,1,GramKAN,parkinsons
0.8717948717948718,0.8388888888888889,0.9310344827586207,0.9,0.9152542372881356,0.6539886462510549,0.9444444444444445,0.5071694105863571,2,GramKAN,parkinsons
0.9487179487179487,0.9327586206896552,0.9655172413793104,0.9655172413793104,0.9655172413793104,0.8655172413793103,0.9862068965517241,0.40618796646595,3,GramKAN,parkinsons
0.9487179487179487,0.9,0.9354838709677419,1.0,0.9666666666666667,0.8650936924831861,0.9931034482758622,0.3706151023507118,4,GramKAN,parkinsons
0.8974358974358975,0.8655172413793104,0.9310344827586207,0.9310344827586207,0.9310344827586207,0.7310344827586207,0.9310344827586207,0.5460691377520561,5,GramKAN,parkinsons
0.9743589743589743,0.9444444444444444,0.967741935483871,1.0,0.9836065573770492,0.9274777915203366,0.9518518518518518,0.4289497716818005,1,TaylorKAN,parkinsons
0.8974358974358975,0.8555555555555556,0.9333333333333333,0.9333333333333333,0.9333333333333333,0.7111111111111111,0.9703703703703703,0.4289524406194687,2,TaylorKAN,parkinsons
0.9743589743589743,0.95,0.9666666666666667,1.0,0.9830508474576272,0.9327379053088816,0.996551724137931,0.24609094485640526,3,TaylorKAN,parkinsons
0.8974358974358975,0.8327586206896551,0.9032258064516129,0.9655172413793104,0.9333333333333333,0.7196684596950643,0.9862068965517241,0.6193239614367485,4,TaylorKAN,parkinsons
0.8717948717948718,0.8810344827586207,0.9615384615384616,0.8620689655172413,0.9090909090909091,0.7058865787567897,0.9655172413793103,0.5914148986339569,5,TaylorKAN,parkinsons
0.9743589743589743,0.9444444444444444,0.967741935483871,1.0,0.9836065573770492,0.9274777915203366,0.9925925925925926,0.43932477408088744,1,WavKAN,parkinsons
0.9487179487179487,0.9277777777777778,0.9666666666666667,0.9666666666666667,0.9666666666666667,0.8555555555555555,0.9814814814814815,0.4247385412454605,2,WavKAN,parkinsons
1.0,1.0,1.0,1.0,1.0,1.0,1.0,0.04590052366256714,3,WavKAN,parkinsons
0.9230769230769231,0.85,0.90625,1.0,0.9508196721311475,0.7964766161036996,0.9896551724137931,0.6281284019351006,4,WavKAN,parkinsons
0.8974358974358975,0.8655172413793104,0.9310344827586207,0.9310344827586207,0.9310344827586207,0.7310344827586207,0.9655172413793103,0.688420332968235,5,WavKAN,parkinsons
0.9487179487179487,0.9277777777777778,0.9666666666666667,0.9666666666666667,0.9666666666666667,0.8555555555555555,0.974074074074074,0.6193531304597855,1,ReLUKAN,parkinsons
0.9230769230769231,0.8722222222222222,0.9354838709677419,0.9666666666666667,0.9508196721311475,0.776762650398282,0.9703703703703703,0.5615840256214142,2,ReLUKAN,parkinsons
0.9487179487179487,0.9327586206896552,0.9655172413793104,0.9655172413793104,0.9655172413793104,0.8655172413793103,0.9896551724137932,0.41060945205390453,3,ReLUKAN,parkinsons
0.9230769230769231,0.85,0.90625,1.0,0.9508196721311475,0.7964766161036996,1.0,0.3602306693792343,4,ReLUKAN,parkinsons
0.8974358974358975,0.8982758620689655,0.9629629629629629,0.896551724137931,0.9285714285714286,0.7535992817105361,0.9620689655172414,0.46536828577518463,5,ReLUKAN,parkinsons
0.7467532467532467,0.7155555555555555,0.6470588235294118,0.6111111111111112,0.6285714285714286,0.4371015994440689,0.8281481481481481,0.5086317420005798,1,StandardMLP,pima_diabetes
0.7662337662337663,0.722037037037037,0.7045454545454546,0.5740740740740741,0.6326530612244898,0.4690613163740094,0.8222222222222222,0.5134702146053314,2,StandardMLP,pima_diabetes
0.7402597402597403,0.7062962962962962,0.64,0.5925925925925926,0.6153846153846154,0.4204522053456932,0.791111111111111,0.543790078163147,3,StandardMLP,pima_diabetes
0.7843137254901961,0.755188679245283,0.7,0.660377358490566,0.6796116504854369,0.5177566911273874,0.8118867924528302,0.538414579629898,4,StandardMLP,pima_diabetes
0.7254901960784313,0.710188679245283,0.5932203389830508,0.660377358490566,0.625,0.4109484238358727,0.7816981132075471,0.5714053690433503,5,StandardMLP,pima_diabetes
0.7142857142857143,0.7075925925925926,0.578125,0.6851851851851852,0.6271186440677966,0.40200132695356616,0.7820370370370371,1.3882803559303283,1,TabKAN,pima_diabetes
0.7727272727272727,0.7440740740740741,0.6862745098039216,0.6481481481481481,0.6666666666666666,0.4949311924976656,0.8312962962962963,1.2005894541740418,2,TabKAN,pima_diabetes
0.7337662337662337,0.7098148148148149,0.6181818181818182,0.6296296296296297,0.6238532110091743,0.4178920253557934,0.802962962962963,1.22818523645401,3,TabKAN,pima_diabetes
0.6666666666666666,0.6119811320754718,0.5227272727272727,0.4339622641509434,0.4742268041237113,0.2354361769145951,0.7528301886792452,1.462199604511261,4,TabKAN,pima_diabetes
0.7189542483660131,0.6874528301886793,0.5961538461538461,0.5849056603773585,0.5904761904761905,0.3766149655639191,0.7366037735849057,1.521110439300537,5,TabKAN,pima_diabetes
0.7012987012987013,0.672037037037037,0.5740740740740741,0.5740740740740741,0.5740740740740741,0.3440740740740741,0.7875925925925926,1.1870105504989623,1,FastKAN,pima_diabetes
0.7662337662337663,0.7262962962962962,0.6956521739130435,0.5925925925925926,0.64,0.47186039625508397,0.8151851851851851,1.1293960690498352,2,FastKAN,pima_diabetes
0.7272727272727273,0.6962962962962963,0.6153846153846154,0.5925925925925926,0.6037735849056604,0.3961295342422729,0.8127777777777778,1.3017642736434936,3,FastKAN,pima_diabetes
0.7254901960784313,0.6835849056603773,0.6170212765957447,0.5471698113207547,0.58,0.37870674438105884,0.7707547169811321,1.305533766746521,4,FastKAN,pima_diabetes
0.6535947712418301,0.6197169811320755,0.5,0.5094339622641509,0.5046728971962616,0.23840162431670617,0.7132075471698113,1.4459311008453368,5,FastKAN,pima_diabetes
0.7077922077922078,0.6642592592592593,0.5957446808510638,0.5185185185185185,0.5544554455445545,0.3404206665803463,0.7205555555555555,1.3559029579162598,1,ChebyKAN,pima_diabetes
0.7402597402597403,0.702037037037037,0.6458333333333334,0.5740740740740741,0.6078431372549019,0.4162788201889437,0.769074074074074,1.4712849855422974,2,ChebyKAN,pima_diabetes
0.6818181818181818,0.6314814814814815,0.5555555555555556,0.46296296296296297,0.5050505050505051,0.2759128699531639,0.7155555555555556,1.3158929347991943,3,ChebyKAN,pima_diabetes
0.6797385620915033,0.6352830188679246,0.5416666666666666,0.49056603773584906,0.5148514851485149,0.27745716747701177,0.6922641509433961,1.6228835821151733,4,ChebyKAN,pima_diabetes
0.6797385620915033,0.6441509433962265,0.5384615384615384,0.5283018867924528,0.5333333333333333,0.2896163399001854,0.6632075471698112,1.6658590674400329,5,ChebyKAN,pima_diabetes
0.7337662337662337,0.7098148148148149,0.6181818181818182,0.6296296296296297,0.6238532110091743,0.4178920253557934,0.7696296296296297,1.4751957178115844,1,JacobiKAN,pima_diabetes
0.7077922077922078,0.6685185185185185,0.5918367346938775,0.5370370370370371,0.5631067961165048,0.34528826491882486,0.7896296296296296,1.6448436975479126,2,JacobiKAN,pima_diabetes
0.6948051948051948,0.6585185185185185,0.5686274509803921,0.5370370370370371,0.5523809523809524,0.3214424133368754,0.7611111111111112,1.5725199580192566,3,JacobiKAN,pima_diabetes
0.7320261437908496,0.6885849056603773,0.6304347826086957,0.5471698113207547,0.5858585858585859,0.3913848896195001,0.7405660377358491,1.6552964448928833,4,JacobiKAN,pima_diabetes
0.6862745098039216,0.6491509433962264,0.5490196078431373,0.5283018867924528,0.5384615384615384,0.3010986173307519,0.6664150943396226,1.976303505897522,5,JacobiKAN,pima_diabetes
0.7077922077922078,0.6557407407407407,0.6046511627906976,0.48148148148148145,0.5360824742268041,0.3313091226135722,0.752962962962963,1.3823195338249206,1,LegendreKAN,pima_diabetes
0.7337662337662337,0.7012962962962963,0.6274509803921569,0.5925925925925926,0.6095238095238096,0.4081868029172705,0.7574074074074074,1.2916675329208374,2,LegendreKAN,pima_diabetes
0.7337662337662337,0.6885185185185185,0.6444444444444445,0.5370370370370371,0.5858585858585859,0.39560465015819835,0.7646296296296297,1.209920918941498,3,LegendreKAN,pima_diabetes
0.6862745098039216,0.675754716981132,0.5396825396825397,0.6415094339622641,0.5862068965517241,0.33984696095936384,0.728867924528302,1.3448544979095458,4,LegendreKAN,pima_diabetes
0.6666666666666666,0.6297169811320755,0.5192307692307693,0.5094339622641509,0.5142857142857142,0.26061679801227416,0.669433962264151,1.5689464569091798,5,LegendreKAN,pima_diabetes
0.7272727272727273,0.7005555555555556,0.6111111111111112,0.6111111111111112,0.6111111111111112,0.4011111111111111,0.7518518518518518,1.1274587750434875,1,GramKAN,pima_diabetes
0.7142857142857143,0.6735185185185186,0.6041666666666666,0.5370370370370371,0.5686274509803921,0.35751902338867114,0.764074074074074,1.235974955558777,2,GramKAN,pima_diabetes
0.7077922077922078,0.6770370370370371,0.5849056603773585,0.5740740740740741,0.5794392523364486,0.3556250840128652,0.7440740740740741,1.2081666707992553,3,GramKAN,pima_diabetes
0.7058823529411765,0.6641509433962265,0.5833333333333334,0.5283018867924528,0.5544554455445545,0.3366635086541147,0.6639622641509434,1.1662508368492126,4,GramKAN,pima_diabetes
0.6405228758169934,0.6230188679245283,0.4838709677419355,0.5660377358490566,0.5217391304347826,0.2384641598612135,0.6632075471698113,1.4636722564697267,5,GramKAN,pima_diabetes
0.6753246753246753,0.6307407407407407,0.5416666666666666,0.48148148148148145,0.5098039215686274,0.2693793281882624,0.7285185185185186,1.1039728760719298,1,TaylorKAN,pima_diabetes
0.7467532467532467,0.6942592592592592,0.6829268292682927,0.5185185185185185,0.5894736842105263,0.41944734894242286,0.7685185185185186,1.0495577812194825,2,TaylorKAN,pima_diabetes
0.6753246753246753,0.652037037037037,0.5344827586206896,0.5740740740740741,0.5535714285714286,0.29945161493842287,0.7377777777777779,1.1269551396369935,3,TaylorKAN,pima_diabetes
0.7254901960784313,0.705754716981132,0.5964912280701754,0.6415094339622641,0.6181818181818182,0.40499036057036664,0.759056603773585,1.0130436539649963,4,TaylorKAN,pima_diabetes
0.6862745098039216,0.671320754716981,0.5409836065573771,0.6226415094339622,0.5789473684210527,0.3329807124598832,0.6869811320754716,1.1842812299728394,5,TaylorKAN,pima_diabetes
0.7402597402597403,0.7105555555555556,0.6346153846153846,0.6111111111111112,0.6226415094339622,0.42490498154100403,0.8035185185185184,1.0702137351036072,1,WavKAN,pima_diabetes
0.7532467532467533,0.7205555555555556,0.66,0.6111111111111112,0.6346153846153846,0.44951398255540453,0.8018518518518518,1.2592435717582702,2,WavKAN,pima_diabetes
0.7272727272727273,0.7048148148148148,0.6071428571428571,0.6296296296296297,0.6181818181818182,0.4063321549001754,0.7709259259259259,1.301286244392395,3,WavKAN,pima_diabetes
0.7320261437908496,0.7063207547169812,0.6111111111111112,0.6226415094339622,0.616822429906542,0.41086237382240853,0.7754716981132076,1.1671191453933716,4,WavKAN,pima_diabetes
0.6797385620915033,0.6397169811320755,0.54,0.5094339622641509,0.5242718446601942,0.28347418098323873,0.7583018867924527,1.2803838014602662,5,WavKAN,pima_diabetes
0.7012987012987013,0.6507407407407407,0.5909090909090909,0.48148148148148145,0.5306122448979592,0.31844529735483207,0.7301851851851853,0.9022386789321899,1,ReLUKAN,pima_diabetes
0.7337662337662337,0.6587037037037037,0.7096774193548387,0.4074074074074074,0.5176470588235295,0.3777291792892347,0.7812962962962964,0.7220716357231141,2,ReLUKAN,pima_diabetes
0.7207792207792207,0.6657407407407407,0.6341463414634146,0.48148148148148145,0.5473684210526316,0.3578697591072149,0.763888888888889,0.7908019065856934,3,ReLUKAN,pima_diabetes
0.7450980392156863,0.7163207547169812,0.6346153846153846,0.6226415094339622,0.6285714285714286,0.43461404933974157,0.7841509433962264,0.7855066418647766,4,ReLUKAN,pima_diabetes
0.673202614379085,0.6834905660377358,0.5205479452054794,0.7169811320754716,0.6031746031746031,0.34960307774233984,0.7477358490566037,0.8154143452644348,5,ReLUKAN,pima_diabetes
